{"cameraMode":{"drawMode":0,"name":"Shaded","section":"Shading Mode"},"sceneLighting":true,"audioPlay":false,"sceneViewState":{"m_AlwaysRefresh":false,"showFog":true,"showSkybox":true,"showFlares":true,"showImageEffects":true,"showParticleSystems":true,"showVisualEffectGraphs":true,"m_FxEnabled":true},"in2DMode":false,"pivot":{"x":75.02822875976563,"y":21.527103424072267,"z":42.81561279296875},"rotation":{"x":0.2078135907649994,"y":0.07708565145730972,"z":-0.016427094116806985,"w":0.9749962091445923},"size":6.983370780944824,"orthographic":false}